{
  "project_info": {
    "project_number": "296509430953",
    "firebase_url": "https://smarthospital-4866a.firebaseio.com",
    "project_id": "smarthospital-4866a",
    "storage_bucket": "smarthospital-4866a.appspot.com"
  },
  "client": [
    {
      "client_info": {
        "mobilesdk_app_id": "1:296509430953:android:98efbfe9c823c486",
        "android_client_info": {
          "package_name": "com.example.minji.smarthospital"
        }
      },
      "oauth_client": [
        {
          "client_id": "296509430953-2sjeej8dfuvji4pf8o8kfkkjh474lbbu.apps.googleusercontent.com",
          "client_type": 3
        }
      ],
      "api_key": [
        {
          "current_key": "AIzaSyBsFm6k6KVv6qGx8mMcBkKUozG51aDu5UY"
        }
      ],
      "services": {
        "analytics_service": {
          "status": 1
        },
        "appinvite_service": {
          "status": 1,
          "other_platform_oauth_client": []
        },
        "ads_service": {
          "status": 2
        }
      }
    }
  ],
  "configuration_version": "1"
}